TradeDate,call_cvol,put_cvol
1987-01-02,0.15095697386632217,0.2204752868026345
1987-01-05,0.14443072828789133,0.21760702175770377
1987-01-06,0.143400502214051,0.21740129487738388
1987-01-07,0.1405874759388207,0.21547368014518098
1987-01-08,0.139587077822389,0.21505974558004054
1987-01-09,0.13462231087731172,0.2134895340866785
1987-01-12,0.13488628885039883,0.2124272412013458
1987-01-13,0.13491870117021135,0.2115591109486289
1987-01-14,0.1315450684294193,0.21326958518250097
1987-01-15,0.13556465408001175,0.21953225272650734
1987-01-16,0.14351155398705637,0.2228988335897917
1987-01-19,0.14097387693042182,0.22144763721543625
1987-01-20,0.1533431034769511,0.2333566543422204
1987-01-21,0.15715163224990333,0.23608736698422167
1987-01-22,0.1481332659881653,0.23626502468854682
1987-01-23,0.18571488700353797,0.26536010239608
1987-01-26,0.18645502707843553,0.2667421585196941
1987-01-27,0.18376659544576054,0.26595655222995274
1987-01-28,0.17988097194521016,0.2649993722095546
1987-01-29,0.18542865886509555,0.26717778410792775
1987-01-30,0.18604759484406438,0.26647752458116625
1987-02-02,0.17994264377493357,0.26142787771772286
1987-02-03,0.17877935311518356,0.26037390600869176
1987-02-04,0.1743772594390398,0.25836128371721007
1987-02-05,0.17332989229303347,0.25772712008471926
1987-02-06,0.1745856993130266,0.25874854029289823
1987-02-09,0.17625245301209685,0.26050358028880954
1987-02-10,0.17847459791267184,0.2640885281603245
1987-02-11,0.18152885546637,0.2646148537416561
1987-02-12,0.18522624478905117,0.26583960902876813
1987-02-13,0.18328634430045337,0.2650349283171641
1987-02-17,0.17806012090298146,0.2664823573755509
1987-02-18,0.18237811879020438,0.2675887090694509
1987-02-19,0.18360463781483932,0.26622781307995036
1987-02-20,0.18400552831794983,0.26568089903057973
1987-02-23,0.18678808171572117,0.2664295832514861
1987-02-24,0.18601914037225534,0.26524410638277696
1987-02-25,0.18338559315473837,0.26356263182674894
1987-02-26,0.1829140696977671,0.2628226040558393
1987-02-27,0.18242440745680527,0.261354852403503
1987-03-02,0.18200302163282583,0.2606432655441507
1987-03-03,0.1759802141581765,0.25579510038234293
1987-03-04,0.17267089081918735,0.26092898096569667
1987-03-05,0.17052017961436763,0.2550284756616978
1987-03-06,0.1634235866540267,0.25081075430883865
1987-03-09,0.16552238900840122,0.25069992698020527
1987-03-10,0.1625847929926569,0.2501807117811495
1987-03-11,0.16333233405477907,0.2509087103976752
1987-03-12,0.1616702884893775,0.24829321553864644
1987-03-13,0.1617943203367713,0.2479983765527412
1987-03-16,0.16142981693360367,0.24687908024088634
1987-03-17,0.15662271842805406,0.24304411833579784
1987-03-18,0.16031306081704574,0.24230064561129355
1987-03-19,0.14310313089333596,0.24208421091157079
1987-03-20,0.16568871796562726,0.2515731829628443
1987-03-23,0.16678510786343914,0.2533893441202544
1987-03-24,0.17167516055435914,0.25629273734843716
1987-03-25,0.1741246919164218,0.25787385107793376
1987-03-26,0.1803367348240892,0.26339509576473347
1987-03-27,0.18478038727144988,0.2647858844142354
1987-03-30,0.19113922770350764,0.26974509625075954
1987-03-31,0.19143330430247968,0.268454850896554
1987-04-01,0.1895396943066362,0.26575810604590927
1987-04-02,0.18845790337635607,0.26414325050276266
1987-04-03,0.1826213405315065,0.26096791569625044
1987-04-06,0.18101729339350442,0.2598041116311043
1987-04-07,0.1923633910958285,0.2685668044037155
1987-04-08,0.18681201021682436,0.2641204209881516
1987-04-09,0.19221199013343152,0.2719005830835633
1987-04-10,0.19986713925984517,0.28035249125299244
1987-04-13,0.20014360293231753,0.2817749374310553
1987-04-14,0.21106786742674338,0.29122907984716834
1987-04-15,0.20596697803637576,0.2826425339726289
1987-04-16,0.20517200890370424,0.28112120165877746
1987-04-20,0.20618659992866983,0.28059841836554855
1987-04-21,0.2035276915745962,0.2795989844796428
1987-04-22,0.2093372971713851,0.2819043264191201
1987-04-23,0.20962199573549786,0.28316189064941855
1987-04-24,0.21331213705091315,0.289064441502079
1987-04-27,0.21860157435564156,0.2930090854129556
1987-04-28,0.2198902067004381,0.29511326173489677
1987-04-29,0.22112475124711156,0.2942810646058777
1987-04-30,0.21370683660524473,0.28502292381149474
1987-05-01,0.21252980097802196,0.285704927067115
1987-05-04,0.2073339539660916,0.2829323053924792
1987-05-05,0.20403854858483472,0.27907889306329786
1987-05-06,0.20104818979428582,0.2736553954521711
1987-05-07,0.2021135482502281,0.2757156991396655
1987-05-08,0.20226715169928577,0.27514056624802197
1987-05-11,0.2096107160233981,0.28216011984697986
1987-05-12,0.20616887159572445,0.2813536549492277
1987-05-13,0.20024591982335008,0.2770694929388529
1987-05-14,0.1990519816916517,0.2776152445794928
1987-05-15,0.2019992112047314,0.280970648107611
1987-05-18,0.20336917608871752,0.28017621723105224
1987-05-19,0.2088490651465618,0.2835540591837106
1987-05-20,0.20958159464907106,0.28431625717937403
1987-05-21,0.20492019775644846,0.27720558118615884
1987-05-22,0.20156360834406917,0.27400992365490257
1987-05-26,0.19586982576676754,0.27071859440965024
1987-05-27,0.19054600371159675,0.26720886496895074
1987-05-28,0.182382556181593,0.25769625134989915
1987-05-29,0.18335978126926242,0.2577122487527735
1987-06-01,0.1810496631481261,0.2562177879247511
1987-06-02,0.19158684796601513,0.26692033721892194
1987-06-03,0.18879496263460427,0.26489949882615876
1987-06-04,0.191256386604035,0.2667981076671542
1987-06-05,0.19455705388508807,0.269384488553022
1987-06-08,0.19283844799339422,0.2684273820915336
1987-06-09,0.19309029838963684,0.2667594119206265
1987-06-10,0.19230321558470453,0.26696908214678633
1987-06-11,0.18851841105353623,0.2668020867956897
1987-06-12,0.18653016316736415,0.2661501539643929
1987-06-15,0.1847754739120367,0.26722439182533037
1987-06-16,0.1836573560446752,0.26690955887345
1987-06-17,0.1836766941052956,0.26787494913543636
1987-06-18,0.17710835054387375,0.26614363106504757
1987-06-19,0.17067834396860604,0.25630669567198633
1987-06-22,0.16425455456143123,0.25163797813941347
1987-06-23,0.16658380889732874,0.25040708189910144
1987-06-24,0.1670921913207742,0.2511688088481489
1987-06-25,0.1687874413854708,0.25248103872208544
1987-06-26,0.17011491370382997,0.2532689687700972
1987-06-29,0.16913851431851126,0.2505750211149771
1987-06-30,0.17423915740594992,0.25412988862291946
1987-07-01,0.1742136883131842,0.2532240737021798
1987-07-02,0.1720874025371875,0.2517425274624268
1987-07-06,0.17018174807604394,0.24989856878457914
1987-07-07,0.1674503005891219,0.24715595631765394
1987-07-08,0.16590561191632058,0.24503841781493732
1987-07-09,0.1663743209572777,0.24547241340701673
1987-07-10,0.16525626442276942,0.2436374532818016
1987-07-13,0.16300291777408027,0.24151156056078257
1987-07-14,0.15824197551121802,0.23621818088087645
1987-07-15,0.15509291897234367,0.23342286564373338
1987-07-16,0.15285185003633311,0.2315728945719553
1987-07-17,0.15321934607477494,0.23161578593038049
1987-07-20,0.15134341113411695,0.2277926342967115
1987-07-21,0.14991345164804012,0.22755986110284657
1987-07-22,0.14942219381075808,0.2252552059722812
1987-07-23,0.14918172417872014,0.22444682004754055
1987-07-24,0.14688927095507157,0.223222215093399
1987-07-27,0.14445866408064198,0.22127280503612787
1987-07-28,0.14241306824696398,0.21957330957829582
1987-07-29,0.13979620442028606,0.21853387473447633
1987-07-30,0.13723686602219348,0.21951437258452008
1987-07-31,0.13616940563168578,0.21946286906385026
1987-08-03,0.1400863307413989,0.22227269004943281
1987-08-04,0.14502751736667346,0.22451266392324734
1987-08-05,0.14473168128741082,0.22579031264100805
1987-08-06,0.14533287982542742,0.22654182544789683
1987-08-07,0.14466917547911085,0.2261902870676163
1987-08-10,0.14075403234952708,0.22802488819018493
1987-08-11,0.15287497404694697,0.24317188743675397
1987-08-12,0.17584350742490598,0.2629512825021151
1987-08-13,0.17399221054693986,0.26390985125378397
1987-08-14,0.17397636332922492,0.2637935504063782
1987-08-17,0.17452050514160058,0.26284454349589265
1987-08-18,0.1847396901503094,0.26922894114400764
1987-08-19,0.1825388665738528,0.26802293523395426
1987-08-20,0.17692892475840824,0.26543035123442155
1987-08-21,0.17859203634662543,0.2643566711665708
1987-08-24,0.17741667869540828,0.2643139064020294
1987-08-25,0.175244426816642,0.26571808024960464
1987-08-26,0.17705901067455918,0.2676660797903232
1987-08-27,0.1820287108046021,0.27011573880231937
1987-08-28,0.18479915668444355,0.27207383179231925
1987-08-31,0.1818199002974888,0.2679916929569147
1987-09-01,0.19072530915398234,0.27275762913498136
1987-09-02,0.19448940914155405,0.27473464764454614
1987-09-03,0.19519518650705006,0.2763969607158264
1987-09-04,0.19242596387220018,0.27613504646702264
1987-09-08,0.19269278228945444,0.28486518575423103
1987-09-09,0.20171270612016817,0.2856862748647666
1987-09-10,0.2016179019879268,0.284643200835432
1987-09-11,0.19184305937708582,0.27514408267361634
1987-09-14,0.18306566037220173,0.2671877022793377
1987-09-15,0.1876146761208565,0.26978351629149266
1987-09-16,0.18986632302817194,0.27152371288933186
1987-09-17,0.18939477287256734,0.27149198587683504
1987-09-18,0.18675470124517402,0.26866496771274595
1987-09-21,0.18335455001129267,0.26805587447207585
1987-09-22,0.1833145416195701,0.2691703406602055
1987-09-23,0.19453505775002264,0.2772212724294417
1987-09-24,0.19637164443322094,0.2772889998917064
1987-09-25,0.19283857467638713,0.27522878175762494
1987-09-28,0.19055460638862534,0.27312520187797634
1987-09-29,0.19101279157568013,0.275259787492925
1987-09-30,0.19061985761506756,0.2738458207269187
1987-10-01,0.1852667085537348,0.2707330708355535
1987-10-02,0.1835489270178076,0.2691414491312141
1987-10-05,0.18210396932728481,0.2671144393023121
1987-10-06,0.19526926276564507,0.2747608370132093
1987-10-07,0.19725380329573425,0.2770539307923967
1987-10-08,0.20075266924556967,0.2804014556822148
1987-10-09,0.20608894299269484,0.2861045445971474
1987-10-12,0.207516189835743,0.2869834009102319
1987-10-13,0.20478314417555973,0.28400775657129157
1987-10-14,0.21475867074393826,0.2972469253677096
1987-10-15,0.22563911316775698,0.3075989777233424
1987-10-16,0.26440056129672035,0.351453528097126
1987-10-19,0.6478575886650628,0.8325123507329701
1987-10-20,0.7395046025968595,0.7963381276986746
1987-10-21,0.5520838627394005,0.6139685837422661
1987-10-22,0.5793325391212705,0.6864994828169235
1987-10-23,0.6730710763117967,0.7517220698219238
1987-10-26,0.7932359463362302,0.8545631909099888
1987-10-27,0.6468830667042794,0.7315159877626212
1987-10-28,0.6147620138878236,0.676369910576451
1987-10-29,0.5223852008197596,0.594405714487959
1987-10-30,0.5005726052119244,0.5767066225849852
1987-11-02,0.4864638393875158,0.5649784413361031
1987-11-03,0.4932996704902851,0.5742299423795559
1987-11-04,0.48683368179783976,0.5753378788372194
1987-11-05,0.45841835211447085,0.5469796812615434
1987-11-06,0.4638801657573481,0.5575737203648177
1987-11-09,0.440501094841358,0.5378695621160995
1987-11-10,0.45642520843978795,0.5539566808948964
1987-11-11,0.4215278145095694,0.5276195654071829
1987-11-12,0.4022939769176959,0.5019112668723118
1987-11-13,0.38360161399255854,0.48840796194461084
1987-11-16,0.3674565410633056,0.47314994264935195
1987-11-17,0.37403924162560775,0.4744562155576849
1987-11-18,0.36168024502811436,0.4657466934906428
1987-11-19,0.3541497156787508,0.4568772002231261
1987-11-20,0.35282919203909313,0.455917852204846
1987-11-23,0.34274405989269485,0.4435817400145449
1987-11-24,0.3230811558505203,0.421196012183346
1987-11-25,0.3190880756286173,0.41950969022677026
1987-11-27,0.3198318042229144,0.4242107915190329
1987-11-30,0.37273611325673295,0.4650386148891461
1987-12-01,0.378299478778209,0.4769296929982161
1987-12-02,0.36589666903163853,0.46042330077506427
1987-12-03,0.370296277854483,0.45115610751904134
1987-12-04,0.36501709151474493,0.46360038219871413
1987-12-07,0.36991706330803237,0.47133170109831873
1987-12-08,0.38046170112919253,0.47862017918634614
1987-12-09,0.37995713932912767,0.47728890211177494
1987-12-10,0.3889612069775782,0.4883762023467976
1987-12-11,0.39011998974383805,0.48654822769378836
1987-12-14,0.3771015056040106,0.4701289162239342
1987-12-15,0.3683734342247773,0.459969312023645
1987-12-16,0.351212526138852,0.44500119433557656
1987-12-17,0.37241688196910927,0.4691663086200842
1987-12-18,0.3653404397935007,0.45812078048413635
1987-12-21,0.34989971533699815,0.4395754126249396
1987-12-22,0.3365311775189067,0.4223363753502588
1987-12-23,0.3262730467216315,0.41019207954221737
1987-12-24,0.3202567307502393,0.30237969778982354
1987-12-28,0.3477539850139006,0.4330893055437824
1987-12-29,0.347563989278429,0.427535013528825
1987-12-30,0.33703823436138086,0.421791768962717
1987-12-31,0.34396364912501703,0.42318462531061163
